<stores>
  <store>
    <name>author_id</name>
    <persistence>bdb</persistence>
    <routing>client</routing>
    <replication-factor>1</replication-factor>
    <required-reads>1</required-reads>
    <required-writes>1</required-writes>
    <key-serializer>
      <type>string</type>
    </key-serializer>
    <value-serializer>
      <type>java-serialization</type>
                    <schema-info>java=ws.mtom.AuthorIdStore</schema-info>
    </value-serializer>
  </store>
  <store>
    <name>tag_id</name>
    <persistence>bdb</persistence>
    <routing>client</routing>
    <replication-factor>1</replication-factor>
    <required-reads>1</required-reads>
    <required-writes>1</required-writes>
    <key-serializer>
      <type>string</type>
    </key-serializer>
    <value-serializer>
      <type>java-serialization</type>
                    <schema-info>java=ws.mtom.TagDataValue</schema-info>
    </value-serializer>
  </store>
  <store>
    <name>id_BlogUrl</name>
    <persistence>bdb</persistence>
    <routing>client</routing>
    <replication-factor>1</replication-factor>
    <required-reads>1</required-reads>
    <required-writes>1</required-writes>
    <key-serializer>
      <type>string</type>
    </key-serializer>
    <value-serializer>
     <type>java-serialization</type>
                    <schema-info>java=ws.mtom.BlogIdInfo</schema-info>
    </value-serializer>
   </store>
</stores>
